10	1.9891e+30	-4.37457e-06	0	0	-8.74914e-07	0	0	-3.48058e+23	0	0	3.285e+23	5.8344e+10	0	0	0	47870	0	0	0	0	4.867e+24	1.07712e+11	0	0	0	35020	0	0	0	0	5.972e+24	1.496e+11	0	0	0	29780	0	0	0	0	6.39e+23	2.27392e+11	0	0	0	24130	0	0	0	0	1.898e+27	7.7792e+11	0	0	0	13070	0	0	0	0	5.683e+26	1.43317e+12	0	0	0	9680	0	0	0	0	8.681e+25	2.87531e+12	0	0	0	6800	0	0	0	0	1.024e+26	4.49548e+12	0	0	0	5430	0	0	0	0	7.342e+22	1.49984e+11	0	0	0	30802	0	0	0	0	
10	1.9891e+30	-4.82307e-05	0	0	-8.77123e-06	0	0	-3.14131e+24	0	0	3.285e+23	5.8344e+10	0	0	0	47870	0	0	0	0	4.867e+24	1.07712e+11	0	0	0	35020	0	0	0	0	5.972e+24	1.496e+11	0	0	0	29780	0	0	0	0	6.39e+23	2.27392e+11	0	0	0	24130	0	0	0	0	1.898e+27	7.7792e+11	0	0	0	13070	0	0	0	0	5.683e+26	1.43317e+12	0	0	0	9680	0	0	0	0	8.681e+25	2.87531e+12	0	0	0	6800	0	0	0	0	1.024e+26	4.49548e+12	0	0	0	5430	0	0	0	0	7.342e+22	1.49984e+11	0	0	0	30802	0	0	0	0	
10	1.9891e+30	-0.000162584	0	0	-2.28707e-05	0	0	-5.60906e+24	0	0	3.285e+23	5.8344e+10	0	0	0	47870	0	0	0	0	4.867e+24	1.07712e+11	0	0	0	35020	0	0	0	0	5.972e+24	1.496e+11	0	0	0	29780	0	0	0	0	6.39e+23	2.27392e+11	0	0	0	24130	0	0	0	0	1.898e+27	7.7792e+11	0	0	0	13070	0	0	0	0	5.683e+26	1.43317e+12	0	0	0	9680	0	0	0	0	8.681e+25	2.87531e+12	0	0	0	6800	0	0	0	0	1.024e+26	4.49548e+12	0	0	0	5430	0	0	0	0	7.342e+22	1.49984e+11	0	0	0	30802	0	0	0	0	
10	1.9891e+30	-0.000349619	0	0	-3.74069e-05	0	0	-5.78278e+24	0	0	3.285e+23	5.8344e+10	0	0	0	47870	0	0	0	0	4.867e+24	1.07712e+11	0	0	0	35020	0	0	0	0	5.972e+24	1.496e+11	0	0	0	29780	0	0	0	0	6.39e+23	2.27392e+11	0	0	0	24130	0	0	0	0	1.898e+27	7.7792e+11	0	0	0	13070	0	0	0	0	5.683e+26	1.43317e+12	0	0	0	9680	0	0	0	0	8.681e+25	2.87531e+12	0	0	0	6800	0	0	0	0	1.024e+26	4.49548e+12	0	0	0	5430	0	0	0	0	7.342e+22	1.49984e+11	0	0	0	30802	0	0	0	0	
10	1.9891e+30	-0.00250498	0	0	-0.000431073	0	0	-1.56608e+26	0	0	3.285e+23	5.8344e+10	0	0	0	47870	0	0	0	0	4.867e+24	1.07712e+11	0	0	0	35020	0	0	0	0	5.972e+24	1.496e+11	0	0	0	29780	0	0	0	0	6.39e+23	2.27392e+11	0	0	0	24130	0	0	0	0	1.898e+27	7.7792e+11	0	0	0	13070	0	0	0	0	5.683e+26	1.43317e+12	0	0	0	9680	0	0	0	0	8.681e+25	2.87531e+12	0	0	0	6800	0	0	0	0	1.024e+26	4.49548e+12	0	0	0	5430	0	0	0	0	7.342e+22	1.49984e+11	0	0	0	30802	0	0	0	0	
10	1.9891e+30	-0.00693676	0	0	-0.000886356	0	0	-1.81121e+26	0	0	3.285e+23	5.8344e+10	0	0	0	47870	0	0	0	0	4.867e+24	1.07712e+11	0	0	0	35020	0	0	0	0	5.972e+24	1.496e+11	0	0	0	29780	0	0	0	0	6.39e+23	2.27392e+11	0	0	0	24130	0	0	0	0	1.898e+27	7.7792e+11	0	0	0	13070	0	0	0	0	5.683e+26	1.43317e+12	0	0	0	9680	0	0	0	0	8.681e+25	2.87531e+12	0	0	0	6800	0	0	0	0	1.024e+26	4.49548e+12	0	0	0	5430	0	0	0	0	7.342e+22	1.49984e+11	0	0	0	30802	0	0	0	0	
10	1.9891e+30	-0.0136684	0	0	-0.00134633	0	0	-1.82987e+26	0	0	3.285e+23	5.8344e+10	0	0	0	47870	0	0	0	0	4.867e+24	1.07712e+11	0	0	0	35020	0	0	0	0	5.972e+24	1.496e+11	0	0	0	29780	0	0	0	0	6.39e+23	2.27392e+11	0	0	0	24130	0	0	0	0	1.898e+27	7.7792e+11	0	0	0	13070	0	0	0	0	5.683e+26	1.43317e+12	0	0	0	9680	0	0	0	0	8.681e+25	2.87531e+12	0	0	0	6800	0	0	0	0	1.024e+26	4.49548e+12	0	0	0	5430	0	0	0	0	7.342e+22	1.49984e+11	0	0	0	30802	0	0	0	0	
10	1.9891e+30	-0.0227176	0	0	-0.00180985	0	0	-1.84395e+26	0	0	3.285e+23	5.8344e+10	0	0	0	47870	0	0	0	0	4.867e+24	1.07712e+11	0	0	0	35020	0	0	0	0	5.972e+24	1.496e+11	0	0	0	29780	0	0	0	0	6.39e+23	2.27392e+11	0	0	0	24130	0	0	0	0	1.898e+27	7.7792e+11	0	0	0	13070	0	0	0	0	5.683e+26	1.43317e+12	0	0	0	9680	0	0	0	0	8.681e+25	2.87531e+12	0	0	0	6800	0	0	0	0	1.024e+26	4.49548e+12	0	0	0	5430	0	0	0	0	7.342e+22	1.49984e+11	0	0	0	30802	0	0	0	0	
10	1.9891e+30	-0.0340848	0	0	-0.00227344	0	0	-1.84426e+26	0	0	3.285e+23	5.8344e+10	0	0	0	47870	0	0	0	0	4.867e+24	1.07712e+11	0	0	0	35020	0	0	0	0	5.972e+24	1.496e+11	0	0	0	29780	0	0	0	0	6.39e+23	2.27392e+11	0	0	0	24130	0	0	0	0	1.898e+27	7.7792e+11	0	0	0	13070	0	0	0	0	5.683e+26	1.43317e+12	0	0	0	9680	0	0	0	0	8.681e+25	2.87531e+12	0	0	0	6800	0	0	0	0	1.024e+26	4.49548e+12	0	0	0	5430	0	0	0	0	7.342e+22	1.49984e+11	0	0	0	30802	0	0	0	0	
10	1.9891e+30	-0.0340848	0	0	-0.00227344	0	0	-1.84426e+26	0	0	3.285e+23	5.8344e+10	239350	0	5.29769	47870	0	3.48058e+23	0	0	4.867e+24	1.07712e+11	0	0	0	35020	0	0	0	0	5.972e+24	1.496e+11	0	0	0	29780	0	0	0	0	6.39e+23	2.27392e+11	0	0	0	24130	0	0	0	0	1.898e+27	7.7792e+11	0	0	0	13070	0	0	0	0	5.683e+26	1.43317e+12	0	0	0	9680	0	0	0	0	8.681e+25	2.87531e+12	0	0	0	6800	0	0	0	0	1.024e+26	4.49548e+12	0	0	0	5430	0	0	0	0	7.342e+22	1.49984e+11	0	0	0	30802	0	0	0	0	
10	1.9891e+30	-0.0340848	0	0	-0.00227344	0	0	-1.84426e+26	0	0	3.285e+23	5.8344e+10	478700	0	10.5954	47870	0	3.48057e+23	4.87973e+12	0	4.867e+24	1.07712e+11	0	0	0	35020	0	0	0	0	5.972e+24	1.496e+11	0	0	0	29780	0	0	0	0	6.39e+23	2.27392e+11	0	0	0	24130	0	0	0	0	1.898e+27	7.7792e+11	0	0	0	13070	0	0	0	0	5.683e+26	1.43317e+12	0	0	0	9680	0	0	0	0	8.681e+25	2.87531e+12	0	0	0	6800	0	0	0	0	1.024e+26	4.49548e+12	0	0	0	5430	0	0	0	0	7.342e+22	1.49984e+11	0	0	0	30802	0	0	0	0	
10	1.9891e+30	-0.0340848	0	0	-0.00227344	0	0	-1.84426e+26	0	0	3.285e+23	5.8344e+10	718050	0	15.893	47870	0	3.48057e+23	8.38444e+12	0	4.867e+24	1.07712e+11	0	0	0	35020	0	0	0	0	5.972e+24	1.496e+11	0	0	0	29780	0	0	0	0	6.39e+23	2.27392e+11	0	0	0	24130	0	0	0	0	1.898e+27	7.7792e+11	0	0	0	13070	0	0	0	0	5.683e+26	1.43317e+12	0	0	0	9680	0	0	0	0	8.681e+25	2.87531e+12	0	0	0	6800	0	0	0	0	1.024e+26	4.49548e+12	0	0	0	5430	0	0	0	0	7.342e+22	1.49984e+11	0	0	0	30802	0	0	0	0	
10	1.9891e+30	-0.0340848	0	0	-0.00227344	0	0	-1.84426e+26	0	0	3.285e+23	5.8344e+10	957400	0	21.1907	47870	0	3.48057e+23	8.54835e+12	0	4.867e+24	1.07712e+11	0	0	0	35020	0	0	0	0	5.972e+24	1.496e+11	0	0	0	29780	0	0	0	0	6.39e+23	2.27392e+11	0	0	0	24130	0	0	0	0	1.898e+27	7.7792e+11	0	0	0	13070	0	0	0	0	5.683e+26	1.43317e+12	0	0	0	9680	0	0	0	0	8.681e+25	2.87531e+12	0	0	0	6800	0	0	0	0	1.024e+26	4.49548e+12	0	0	0	5430	0	0	0	0	7.342e+22	1.49984e+11	0	0	0	30802	0	0	0	0	
10	1.9891e+30	-0.0340848	0	0	-0.00227344	0	0	-1.84426e+26	0	0	3.285e+23	5.8344e+10	1.19675e+06	0	26.488	47870	0	3.4803e+23	4.43768e+13	0	4.867e+24	1.07712e+11	0	0	0	35020	0	0	0	0	5.972e+24	1.496e+11	0	0	0	29780	0	0	0	0	6.39e+23	2.27392e+11	0	0	0	24130	0	0	0	0	1.898e+27	7.7792e+11	0	0	0	13070	0	0	0	0	5.683e+26	1.43317e+12	0	0	0	9680	0	0	0	0	8.681e+25	2.87531e+12	0	0	0	6800	0	0	0	0	1.024e+26	4.49548e+12	0	0	0	5430	0	0	0	0	7.342e+22	1.49984e+11	0	0	0	30802	0	0	0	0	
10	1.9891e+30	-0.0340848	0	0	-0.00227344	0	0	-1.84426e+26	0	0	3.285e+23	5.8344e+10	1.4361e+06	0	31.7852	47870	0	3.48026e+23	4.80503e+13	0	4.867e+24	1.07712e+11	0	0	0	35020	0	0	0	0	5.972e+24	1.496e+11	0	0	0	29780	0	0	0	0	6.39e+23	2.27392e+11	0	0	0	24130	0	0	0	0	1.898e+27	7.7792e+11	0	0	0	13070	0	0	0	0	5.683e+26	1.43317e+12	0	0	0	9680	0	0	0	0	8.681e+25	2.87531e+12	0	0	0	6800	0	0	0	0	1.024e+26	4.49548e+12	0	0	0	5430	0	0	0	0	7.342e+22	1.49984e+11	0	0	0	30802	0	0	0	0	
10	1.9891e+30	-0.0340848	0	0	-0.00227344	0	0	-1.84426e+26	0	0	3.285e+23	5.8344e+10	1.67545e+06	0	37.0823	47870	0	3.48025e+23	4.82107e+13	0	4.867e+24	1.07712e+11	0	0	0	35020	0	0	0	0	5.972e+24	1.496e+11	0	0	0	29780	0	0	0	0	6.39e+23	2.27392e+11	0	0	0	24130	0	0	0	0	1.898e+27	7.7792e+11	0	0	0	13070	0	0	0	0	5.683e+26	1.43317e+12	0	0	0	9680	0	0	0	0	8.681e+25	2.87531e+12	0	0	0	6800	0	0	0	0	1.024e+26	4.49548e+12	0	0	0	5430	0	0	0	0	7.342e+22	1.49984e+11	0	0	0	30802	0	0	0	0	
10	1.9891e+30	-0.0340848	0	0	-0.00227344	0	0	-1.84426e+26	0	0	3.285e+23	5.8344e+10	1.9148e+06	0	42.3795	47870	0	3.48025e+23	4.82996e+13	0	4.867e+24	1.07712e+11	0	0	0	35020	0	0	0	0	5.972e+24	1.496e+11	0	0	0	29780	0	0	0	0	6.39e+23	2.27392e+11	0	0	0	24130	0	0	0	0	1.898e+27	7.7792e+11	0	0	0	13070	0	0	0	0	5.683e+26	1.43317e+12	0	0	0	9680	0	0	0	0	8.681e+25	2.87531e+12	0	0	0	6800	0	0	0	0	1.024e+26	4.49548e+12	0	0	0	5430	0	0	0	0	7.342e+22	1.49984e+11	0	0	0	30802	0	0	0	0	
10	1.9891e+30	-0.0340848	0	0	-0.00227344	0	0	-1.84426e+26	0	0	3.285e+23	5.8344e+10	2.15415e+06	0	47.6767	47870	0	3.48025e+23	4.84705e+13	0	4.867e+24	1.07712e+11	0	0	0	35020	0	0	0	0	5.972e+24	1.496e+11	0	0	0	29780	0	0	0	0	6.39e+23	2.27392e+11	0	0	0	24130	0	0	0	0	1.898e+27	7.7792e+11	0	0	0	13070	0	0	0	0	5.683e+26	1.43317e+12	0	0	0	9680	0	0	0	0	8.681e+25	2.87531e+12	0	0	0	6800	0	0	0	0	1.024e+26	4.49548e+12	0	0	0	5430	0	0	0	0	7.342e+22	1.49984e+11	0	0	0	30802	0	0	0	0	
10	1.9891e+30	-0.0340848	0	0	-0.00227344	0	0	-1.84426e+26	0	0	3.285e+23	5.8344e+10	2.15415e+06	0	47.6767	47870	0	3.48025e+23	4.84705e+13	0	4.867e+24	1.07712e+11	175100	0	2.86958	35020	0	2.79325e+24	0	0	5.972e+24	1.496e+11	0	0	0	29780	0	0	0	0	6.39e+23	2.27392e+11	0	0	0	24130	0	0	0	0	1.898e+27	7.7792e+11	0	0	0	13070	0	0	0	0	5.683e+26	1.43317e+12	0	0	0	9680	0	0	0	0	8.681e+25	2.87531e+12	0	0	0	6800	0	0	0	0	1.024e+26	4.49548e+12	0	0	0	5430	0	0	0	0	7.342e+22	1.49984e+11	0	0	0	30802	0	0	0	0	
10	1.9891e+30	-0.0340848	0	0	-0.00227344	0	0	-1.84426e+26	0	0	3.285e+23	5.8344e+10	2.15415e+06	0	47.6767	47870	0	3.48025e+23	4.84705e+13	0	4.867e+24	1.07712e+11	350200	0	5.73917	35020	0	2.79325e+24	-4.03477e+13	0	5.972e+24	1.496e+11	0	0	0	29780	0	0	0	0	6.39e+23	2.27392e+11	0	0	0	24130	0	0	0	0	1.898e+27	7.7792e+11	0	0	0	13070	0	0	0	0	5.683e+26	1.43317e+12	0	0	0	9680	0	0	0	0	8.681e+25	2.87531e+12	0	0	0	6800	0	0	0	0	1.024e+26	4.49548e+12	0	0	0	5430	0	0	0	0	7.342e+22	1.49984e+11	0	0	0	30802	0	0	0	0	
10	1.9891e+30	-0.0340848	0	0	-0.00227344	0	0	-1.84426e+26	0	0	3.285e+23	5.8344e+10	2.15415e+06	0	47.6767	47870	0	3.48025e+23	4.84705e+13	0	4.867e+24	1.07712e+11	525300	0	8.60873	35020	0	2.79323e+24	1.39943e+14	0	5.972e+24	1.496e+11	0	0	0	29780	0	0	0	0	6.39e+23	2.27392e+11	0	0	0	24130	0	0	0	0	1.898e+27	7.7792e+11	0	0	0	13070	0	0	0	0	5.683e+26	1.43317e+12	0	0	0	9680	0	0	0	0	8.681e+25	2.87531e+12	0	0	0	6800	0	0	0	0	1.024e+26	4.49548e+12	0	0	0	5430	0	0	0	0	7.342e+22	1.49984e+11	0	0	0	30802	0	0	0	0	
10	1.9891e+30	-0.0340848	0	0	-0.00227344	0	0	-1.84426e+26	0	0	3.285e+23	5.8344e+10	2.15415e+06	0	47.6767	47870	0	3.48025e+23	4.84705e+13	0	4.867e+24	1.07712e+11	700400	0	11.4783	35020	0	2.79323e+24	1.43488e+14	0	5.972e+24	1.496e+11	0	0	0	29780	0	0	0	0	6.39e+23	2.27392e+11	0	0	0	24130	0	0	0	0	1.898e+27	7.7792e+11	0	0	0	13070	0	0	0	0	5.683e+26	1.43317e+12	0	0	0	9680	0	0	0	0	8.681e+25	2.87531e+12	0	0	0	6800	0	0	0	0	1.024e+26	4.49548e+12	0	0	0	5430	0	0	0	0	7.342e+22	1.49984e+11	0	0	0	30802	0	0	0	0	
10	1.9891e+30	-0.0340848	0	0	-0.00227344	0	0	-1.84426e+26	0	0	3.285e+23	5.8344e+10	2.15415e+06	0	47.6767	47870	0	3.48025e+23	4.84705e+13	0	4.867e+24	1.07712e+11	875500	0	14.3474	35020	0	2.7928e+24	5.9114e+14	0	5.972e+24	1.496e+11	0	0	0	29780	0	0	0	0	6.39e+23	2.27392e+11	0	0	0	24130	0	0	0	0	1.898e+27	7.7792e+11	0	0	0	13070	0	0	0	0	5.683e+26	1.43317e+12	0	0	0	9680	0	0	0	0	8.681e+25	2.87531e+12	0	0	0	6800	0	0	0	0	1.024e+26	4.49548e+12	0	0	0	5430	0	0	0	0	7.342e+22	1.49984e+11	0	0	0	30802	0	0	0	0	
10	1.9891e+30	-0.0340848	0	0	-0.00227344	0	0	-1.84426e+26	0	0	3.285e+23	5.8344e+10	2.15415e+06	0	47.6767	47870	0	3.48025e+23	4.84705e+13	0	4.867e+24	1.07712e+11	1.0506e+06	0	17.2165	35020	0	2.79274e+24	6.33978e+14	0	5.972e+24	1.496e+11	0	0	0	29780	0	0	0	0	6.39e+23	2.27392e+11	0	0	0	24130	0	0	0	0	1.898e+27	7.7792e+11	0	0	0	13070	0	0	0	0	5.683e+26	1.43317e+12	0	0	0	9680	0	0	0	0	8.681e+25	2.87531e+12	0	0	0	6800	0	0	0	0	1.024e+26	4.49548e+12	0	0	0	5430	0	0	0	0	7.342e+22	1.49984e+11	0	0	0	30802	0	0	0	0	
10	1.9891e+30	-0.0340848	0	0	-0.00227344	0	0	-1.84426e+26	0	0	3.285e+23	5.8344e+10	2.15415e+06	0	47.6767	47870	0	3.48025e+23	4.84705e+13	0	4.867e+24	1.07712e+11	1.2257e+06	0	20.0855	35020	0	2.79273e+24	6.35779e+14	0	5.972e+24	1.496e+11	0	0	0	29780	0	0	0	0	6.39e+23	2.27392e+11	0	0	0	24130	0	0	0	0	1.898e+27	7.7792e+11	0	0	0	13070	0	0	0	0	5.683e+26	1.43317e+12	0	0	0	9680	0	0	0	0	8.681e+25	2.87531e+12	0	0	0	6800	0	0	0	0	1.024e+26	4.49548e+12	0	0	0	5430	0	0	0	0	7.342e+22	1.49984e+11	0	0	0	30802	0	0	0	0	
10	1.9891e+30	-0.0340848	0	0	-0.00227344	0	0	-1.84426e+26	0	0	3.285e+23	5.8344e+10	2.15415e+06	0	47.6767	47870	0	3.48025e+23	4.84705e+13	0	4.867e+24	1.07712e+11	1.4008e+06	0	22.9546	35020	0	2.79273e+24	6.36765e+14	0	5.972e+24	1.496e+11	0	0	0	29780	0	0	0	0	6.39e+23	2.27392e+11	0	0	0	24130	0	0	0	0	1.898e+27	7.7792e+11	0	0	0	13070	0	0	0	0	5.683e+26	1.43317e+12	0	0	0	9680	0	0	0	0	8.681e+25	2.87531e+12	0	0	0	6800	0	0	0	0	1.024e+26	4.49548e+12	0	0	0	5430	0	0	0	0	7.342e+22	1.49984e+11	0	0	0	30802	0	0	0	0	
10	1.9891e+30	-0.0340848	0	0	-0.00227344	0	0	-1.84426e+26	0	0	3.285e+23	5.8344e+10	2.15415e+06	0	47.6767	47870	0	3.48025e+23	4.84705e+13	0	4.867e+24	1.07712e+11	1.5759e+06	0	25.8236	35020	0	2.79273e+24	6.4547e+14	0	5.972e+24	1.496e+11	0	0	0	29780	0	0	0	0	6.39e+23	2.27392e+11	0	0	0	24130	0	0	0	0	1.898e+27	7.7792e+11	0	0	0	13070	0	0	0	0	5.683e+26	1.43317e+12	0	0	0	9680	0	0	0	0	8.681e+25	2.87531e+12	0	0	0	6800	0	0	0	0	1.024e+26	4.49548e+12	0	0	0	5430	0	0	0	0	7.342e+22	1.49984e+11	0	0	0	30802	0	0	0	0	
10	1.9891e+30	-0.0340848	0	0	-0.00227344	0	0	-1.84426e+26	0	0	3.285e+23	5.8344e+10	2.15415e+06	0	47.6767	47870	0	3.48025e+23	4.84705e+13	0	4.867e+24	1.07712e+11	1.5759e+06	0	25.8236	35020	0	2.79273e+24	6.4547e+14	0	5.972e+24	1.496e+11	148900	0	2.0661	29780	0	2.46775e+24	0	0	6.39e+23	2.27392e+11	0	0	0	24130	0	0	0	0	1.898e+27	7.7792e+11	0	0	0	13070	0	0	0	0	5.683e+26	1.43317e+12	0	0	0	9680	0	0	0	0	8.681e+25	2.87531e+12	0	0	0	6800	0	0	0	0	1.024e+26	4.49548e+12	0	0	0	5430	0	0	0	0	7.342e+22	1.49984e+11	0	0	0	30802	0	0	0	0	
10	1.9891e+30	-0.0340848	0	0	-0.00227344	0	0	-1.84426e+26	0	0	3.285e+23	5.8344e+10	2.15415e+06	0	47.6767	47870	0	3.48025e+23	4.84705e+13	0	4.867e+24	1.07712e+11	1.5759e+06	0	25.8236	35020	0	2.79273e+24	6.4547e+14	0	5.972e+24	1.496e+11	297800	0	4.1322	29780	0	2.46775e+24	-1.46811e+13	0	6.39e+23	2.27392e+11	0	0	0	24130	0	0	0	0	1.898e+27	7.7792e+11	0	0	0	13070	0	0	0	0	5.683e+26	1.43317e+12	0	0	0	9680	0	0	0	0	8.681e+25	2.87531e+12	0	0	0	6800	0	0	0	0	1.024e+26	4.49548e+12	0	0	0	5430	0	0	0	0	7.342e+22	1.49984e+11	0	0	0	30802	0	0	0	0	
10	1.9891e+30	-0.0340848	0	0	-0.00227344	0	0	-1.84426e+26	0	0	3.285e+23	5.8344e+10	2.15415e+06	0	47.6767	47870	0	3.48025e+23	4.84705e+13	0	4.867e+24	1.07712e+11	1.5759e+06	0	25.8236	35020	0	2.79273e+24	6.4547e+14	0	5.972e+24	1.496e+11	446700	0	6.19832	29780	0	2.46777e+24	-6.72677e+14	0	6.39e+23	2.27392e+11	0	0	0	24130	0	0	0	0	1.898e+27	7.7792e+11	0	0	0	13070	0	0	0	0	5.683e+26	1.43317e+12	0	0	0	9680	0	0	0	0	8.681e+25	2.87531e+12	0	0	0	6800	0	0	0	0	1.024e+26	4.49548e+12	0	0	0	5430	0	0	0	0	7.342e+22	1.49984e+11	0	0	0	30802	0	0	0	0	
10	1.9891e+30	-0.0340848	0	0	-0.00227344	0	0	-1.84426e+26	0	0	3.285e+23	5.8344e+10	2.15415e+06	0	47.6767	47870	0	3.48025e+23	4.84705e+13	0	4.867e+24	1.07712e+11	1.5759e+06	0	25.8236	35020	0	2.79273e+24	6.4547e+14	0	5.972e+24	1.496e+11	595600	0	8.26444	29780	0	2.46777e+24	-6.63922e+14	0	6.39e+23	2.27392e+11	0	0	0	24130	0	0	0	0	1.898e+27	7.7792e+11	0	0	0	13070	0	0	0	0	5.683e+26	1.43317e+12	0	0	0	9680	0	0	0	0	8.681e+25	2.87531e+12	0	0	0	6800	0	0	0	0	1.024e+26	4.49548e+12	0	0	0	5430	0	0	0	0	7.342e+22	1.49984e+11	0	0	0	30802	0	0	0	0	
10	1.9891e+30	-0.0340848	0	0	-0.00227344	0	0	-1.84426e+26	0	0	3.285e+23	5.8344e+10	2.15415e+06	0	47.6767	47870	0	3.48025e+23	4.84705e+13	0	4.867e+24	1.07712e+11	1.5759e+06	0	25.8236	35020	0	2.79273e+24	6.4547e+14	0	5.972e+24	1.496e+11	744500	0	10.3301	29780	0	2.46721e+24	-1.32469e+14	0	6.39e+23	2.27392e+11	0	0	0	24130	0	0	0	0	1.898e+27	7.7792e+11	0	0	0	13070	0	0	0	0	5.683e+26	1.43317e+12	0	0	0	9680	0	0	0	0	8.681e+25	2.87531e+12	0	0	0	6800	0	0	0	0	1.024e+26	4.49548e+12	0	0	0	5430	0	0	0	0	7.342e+22	1.49984e+11	0	0	0	30802	0	0	0	0	
10	1.9891e+30	-0.0340848	0	0	-0.00227344	0	0	-1.84426e+26	0	0	3.285e+23	5.8344e+10	2.15415e+06	0	47.6767	47870	0	3.48025e+23	4.84705e+13	0	4.867e+24	1.07712e+11	1.5759e+06	0	25.8236	35020	0	2.79273e+24	6.4547e+14	0	5.972e+24	1.496e+11	893400	0	12.3957	29780	0	2.46713e+24	-8.48062e+13	0	6.39e+23	2.27392e+11	0	0	0	24130	0	0	0	0	1.898e+27	7.7792e+11	0	0	0	13070	0	0	0	0	5.683e+26	1.43317e+12	0	0	0	9680	0	0	0	0	8.681e+25	2.87531e+12	0	0	0	6800	0	0	0	0	1.024e+26	4.49548e+12	0	0	0	5430	0	0	0	0	7.342e+22	1.49984e+11	0	0	0	30802	0	0	0	0	
10	1.9891e+30	-0.0340848	0	0	-0.00227344	0	0	-1.84426e+26	0	0	3.285e+23	5.8344e+10	2.15415e+06	0	47.6767	47870	0	3.48025e+23	4.84705e+13	0	4.867e+24	1.07712e+11	1.5759e+06	0	25.8236	35020	0	2.79273e+24	6.4547e+14	0	5.972e+24	1.496e+11	1.0423e+06	0	14.4612	29780	0	2.46712e+24	-8.28687e+13	0	6.39e+23	2.27392e+11	0	0	0	24130	0	0	0	0	1.898e+27	7.7792e+11	0	0	0	13070	0	0	0	0	5.683e+26	1.43317e+12	0	0	0	9680	0	0	0	0	8.681e+25	2.87531e+12	0	0	0	6800	0	0	0	0	1.024e+26	4.49548e+12	0	0	0	5430	0	0	0	0	7.342e+22	1.49984e+11	0	0	0	30802	0	0	0	0	
10	1.9891e+30	-0.0340848	0	0	-0.00227344	0	0	-1.84426e+26	0	0	3.285e+23	5.8344e+10	2.15415e+06	0	47.6767	47870	0	3.48025e+23	4.84705e+13	0	4.867e+24	1.07712e+11	1.5759e+06	0	25.8236	35020	0	2.79273e+24	6.4547e+14	0	5.972e+24	1.496e+11	1.1912e+06	0	16.5268	29780	0	2.46712e+24	-8.18199e+13	0	6.39e+23	2.27392e+11	0	0	0	24130	0	0	0	0	1.898e+27	7.7792e+11	0	0	0	13070	0	0	0	0	5.683e+26	1.43317e+12	0	0	0	9680	0	0	0	0	8.681e+25	2.87531e+12	0	0	0	6800	0	0	0	0	1.024e+26	4.49548e+12	0	0	0	5430	0	0	0	0	7.342e+22	1.49984e+11	0	0	0	30802	0	0	0	0	
10	1.9891e+30	-0.0340848	0	0	-0.00227344	0	0	-1.84426e+26	0	0	3.285e+23	5.8344e+10	2.15415e+06	0	47.6767	47870	0	3.48025e+23	4.84705e+13	0	4.867e+24	1.07712e+11	1.5759e+06	0	25.8236	35020	0	2.79273e+24	6.4547e+14	0	5.972e+24	1.496e+11	1.3401e+06	0	18.5925	29780	0	2.46732e+24	-6.15693e+17	0	6.39e+23	2.27392e+11	0	0	0	24130	0	0	0	0	1.898e+27	7.7792e+11	0	0	0	13070	0	0	0	0	5.683e+26	1.43317e+12	0	0	0	9680	0	0	0	0	8.681e+25	2.87531e+12	0	0	0	6800	0	0	0	0	1.024e+26	4.49548e+12	0	0	0	5430	0	0	0	0	7.342e+22	1.49984e+11	0	0	0	30802	0	0	0	0	
10	1.9891e+30	-0.0340848	0	0	-0.00227344	0	0	-1.84426e+26	0	0	3.285e+23	5.8344e+10	2.15415e+06	0	47.6767	47870	0	3.48025e+23	4.84705e+13	0	4.867e+24	1.07712e+11	1.5759e+06	0	25.8236	35020	0	2.79273e+24	6.4547e+14	0	5.972e+24	1.496e+11	1.3401e+06	0	18.5925	29780	0	2.46732e+24	-6.15693e+17	0	6.39e+23	2.27392e+11	120650	0	1.35928	24130	0	1.73716e+23	0	0	1.898e+27	7.7792e+11	0	0	0	13070	0	0	0	0	5.683e+26	1.43317e+12	0	0	0	9680	0	0	0	0	8.681e+25	2.87531e+12	0	0	0	6800	0	0	0	0	1.024e+26	4.49548e+12	0	0	0	5430	0	0	0	0	7.342e+22	1.49984e+11	0	0	0	30802	0	0	0	0	
10	1.9891e+30	-0.0340848	0	0	-0.00227344	0	0	-1.84426e+26	0	0	3.285e+23	5.8344e+10	2.15415e+06	0	47.6767	47870	0	3.48025e+23	4.84705e+13	0	4.867e+24	1.07712e+11	1.5759e+06	0	25.8236	35020	0	2.79273e+24	6.4547e+14	0	5.972e+24	1.496e+11	1.3401e+06	0	18.5925	29780	0	2.46732e+24	-6.15693e+17	0	6.39e+23	2.27392e+11	241300	0	2.71855	24130	0	1.73716e+23	-4.64212e+11	0	1.898e+27	7.7792e+11	0	0	0	13070	0	0	0	0	5.683e+26	1.43317e+12	0	0	0	9680	0	0	0	0	8.681e+25	2.87531e+12	0	0	0	6800	0	0	0	0	1.024e+26	4.49548e+12	0	0	0	5430	0	0	0	0	7.342e+22	1.49984e+11	0	0	0	30802	0	0	0	0	
10	1.9891e+30	-0.0340848	0	0	-0.00227344	0	0	-1.84426e+26	0	0	3.285e+23	5.8344e+10	2.15415e+06	0	47.6767	47870	0	3.48025e+23	4.84705e+13	0	4.867e+24	1.07712e+11	1.5759e+06	0	25.8236	35020	0	2.79273e+24	6.4547e+14	0	5.972e+24	1.496e+11	1.3401e+06	0	18.5925	29780	0	2.46732e+24	-6.15693e+17	0	6.39e+23	2.27392e+11	361950	0	4.07784	24130	0	1.73716e+23	-9.4701e+12	0	1.898e+27	7.7792e+11	0	0	0	13070	0	0	0	0	5.683e+26	1.43317e+12	0	0	0	9680	0	0	0	0	8.681e+25	2.87531e+12	0	0	0	6800	0	0	0	0	1.024e+26	4.49548e+12	0	0	0	5430	0	0	0	0	7.342e+22	1.49984e+11	0	0	0	30802	0	0	0	0	
10	1.9891e+30	-0.0340848	0	0	-0.00227344	0	0	-1.84426e+26	0	0	3.285e+23	5.8344e+10	2.15415e+06	0	47.6767	47870	0	3.48025e+23	4.84705e+13	0	4.867e+24	1.07712e+11	1.5759e+06	0	25.8236	35020	0	2.79273e+24	6.4547e+14	0	5.972e+24	1.496e+11	1.3401e+06	0	18.5925	29780	0	2.46732e+24	-6.15693e+17	0	6.39e+23	2.27392e+11	482600	0	5.43713	24130	0	1.73718e+23	-2.86397e+13	0	1.898e+27	7.7792e+11	0	0	0	13070	0	0	0	0	5.683e+26	1.43317e+12	0	0	0	9680	0	0	0	0	8.681e+25	2.87531e+12	0	0	0	6800	0	0	0	0	1.024e+26	4.49548e+12	0	0	0	5430	0	0	0	0	7.342e+22	1.49984e+11	0	0	0	30802	0	0	0	0	
10	1.9891e+30	-0.0340848	0	0	-0.00227344	0	0	-1.84426e+26	0	0	3.285e+23	5.8344e+10	2.15415e+06	0	47.6767	47870	0	3.48025e+23	4.84705e+13	0	4.867e+24	1.07712e+11	1.5759e+06	0	25.8236	35020	0	2.79273e+24	6.4547e+14	0	5.972e+24	1.496e+11	1.3401e+06	0	18.5925	29780	0	2.46732e+24	-6.15693e+17	0	6.39e+23	2.27392e+11	603250	0	6.79589	24130	0	1.73649e+23	3.13784e+13	0	1.898e+27	7.7792e+11	0	0	0	13070	0	0	0	0	5.683e+26	1.43317e+12	0	0	0	9680	0	0	0	0	8.681e+25	2.87531e+12	0	0	0	6800	0	0	0	0	1.024e+26	4.49548e+12	0	0	0	5430	0	0	0	0	7.342e+22	1.49984e+11	0	0	0	30802	0	0	0	0	
10	1.9891e+30	-0.0340848	0	0	-0.00227344	0	0	-1.84426e+26	0	0	3.285e+23	5.8344e+10	2.15415e+06	0	47.6767	47870	0	3.48025e+23	4.84705e+13	0	4.867e+24	1.07712e+11	1.5759e+06	0	25.8236	35020	0	2.79273e+24	6.4547e+14	0	5.972e+24	1.496e+11	1.3401e+06	0	18.5925	29780	0	2.46732e+24	-6.15693e+17	0	6.39e+23	2.27392e+11	723900	0	8.15458	24130	0	1.7364e+23	3.60611e+13	0	1.898e+27	7.7792e+11	0	0	0	13070	0	0	0	0	5.683e+26	1.43317e+12	0	0	0	9680	0	0	0	0	8.681e+25	2.87531e+12	0	0	0	6800	0	0	0	0	1.024e+26	4.49548e+12	0	0	0	5430	0	0	0	0	7.342e+22	1.49984e+11	0	0	0	30802	0	0	0	0	
10	1.9891e+30	-0.0340848	0	0	-0.00227344	0	0	-1.84426e+26	0	0	3.285e+23	5.8344e+10	2.15415e+06	0	47.6767	47870	0	3.48025e+23	4.84705e+13	0	4.867e+24	1.07712e+11	1.5759e+06	0	25.8236	35020	0	2.79273e+24	6.4547e+14	0	5.972e+24	1.496e+11	1.3401e+06	0	18.5925	29780	0	2.46732e+24	-6.15693e+17	0	6.39e+23	2.27392e+11	844550	0	9.51326	24130	0	1.73639e+23	3.62391e+13	0	1.898e+27	7.7792e+11	0	0	0	13070	0	0	0	0	5.683e+26	1.43317e+12	0	0	0	9680	0	0	0	0	8.681e+25	2.87531e+12	0	0	0	6800	0	0	0	0	1.024e+26	4.49548e+12	0	0	0	5430	0	0	0	0	7.342e+22	1.49984e+11	0	0	0	30802	0	0	0	0	
10	1.9891e+30	-0.0340848	0	0	-0.00227344	0	0	-1.84426e+26	0	0	3.285e+23	5.8344e+10	2.15415e+06	0	47.6767	47870	0	3.48025e+23	4.84705e+13	0	4.867e+24	1.07712e+11	1.5759e+06	0	25.8236	35020	0	2.79273e+24	6.4547e+14	0	5.972e+24	1.496e+11	1.3401e+06	0	18.5925	29780	0	2.46732e+24	-6.15693e+17	0	6.39e+23	2.27392e+11	965200	0	10.8719	24130	0	1.73639e+23	3.63334e+13	0	1.898e+27	7.7792e+11	0	0	0	13070	0	0	0	0	5.683e+26	1.43317e+12	0	0	0	9680	0	0	0	0	8.681e+25	2.87531e+12	0	0	0	6800	0	0	0	0	1.024e+26	4.49548e+12	0	0	0	5430	0	0	0	0	7.342e+22	1.49984e+11	0	0	0	30802	0	0	0	0	
10	1.9891e+30	-0.0340848	0	0	-0.00227344	0	0	-1.84426e+26	0	0	3.285e+23	5.8344e+10	2.15415e+06	0	47.6767	47870	0	3.48025e+23	4.84705e+13	0	4.867e+24	1.07712e+11	1.5759e+06	0	25.8236	35020	0	2.79273e+24	6.4547e+14	0	5.972e+24	1.496e+11	1.3401e+06	0	18.5925	29780	0	2.46732e+24	-6.15693e+17	0	6.39e+23	2.27392e+11	1.08585e+06	0	12.2306	24130	0	1.73639e+23	3.65682e+13	0	1.898e+27	7.7792e+11	0	0	0	13070	0	0	0	0	5.683e+26	1.43317e+12	0	0	0	9680	0	0	0	0	8.681e+25	2.87531e+12	0	0	0	6800	0	0	0	0	1.024e+26	4.49548e+12	0	0	0	5430	0	0	0	0	7.342e+22	1.49984e+11	0	0	0	30802	0	0	0	0	
10	1.9891e+30	-0.0340848	0	0	-0.00227344	0	0	-1.84426e+26	0	0	3.285e+23	5.8344e+10	2.15415e+06	0	47.6767	47870	0	3.48025e+23	4.84705e+13	0	4.867e+24	1.07712e+11	1.5759e+06	0	25.8236	35020	0	2.79273e+24	6.4547e+14	0	5.972e+24	1.496e+11	1.3401e+06	0	18.5925	29780	0	2.46732e+24	-6.15693e+17	0	6.39e+23	2.27392e+11	1.08585e+06	0	12.2306	24130	0	1.73639e+23	3.65682e+13	0	1.898e+27	7.7792e+11	65350	0	0.397327	13070	0	1.50825e+26	0	0	5.683e+26	1.43317e+12	0	0	0	9680	0	0	0	0	8.681e+25	2.87531e+12	0	0	0	6800	0	0	0	0	1.024e+26	4.49548e+12	0	0	0	5430	0	0	0	0	7.342e+22	1.49984e+11	0	0	0	30802	0	0	0	0	
10	1.9891e+30	-0.0340848	0	0	-0.00227344	0	0	-1.84426e+26	0	0	3.285e+23	5.8344e+10	2.15415e+06	0	47.6767	47870	0	3.48025e+23	4.84705e+13	0	4.867e+24	1.07712e+11	1.5759e+06	0	25.8236	35020	0	2.79273e+24	6.4547e+14	0	5.972e+24	1.496e+11	1.3401e+06	0	18.5925	29780	0	2.46732e+24	-6.15693e+17	0	6.39e+23	2.27392e+11	1.08585e+06	0	12.2306	24130	0	1.73639e+23	3.65682e+13	0	1.898e+27	7.7792e+11	130700	0	0.794654	13070	0	1.50825e+26	-7.81684e+13	0	5.683e+26	1.43317e+12	0	0	0	9680	0	0	0	0	8.681e+25	2.87531e+12	0	0	0	6800	0	0	0	0	1.024e+26	4.49548e+12	0	0	0	5430	0	0	0	0	7.342e+22	1.49984e+11	0	0	0	30802	0	0	0	0	
10	1.9891e+30	-0.0340848	0	0	-0.00227344	0	0	-1.84426e+26	0	0	3.285e+23	5.8344e+10	2.15415e+06	0	47.6767	47870	0	3.48025e+23	4.84705e+13	0	4.867e+24	1.07712e+11	1.5759e+06	0	25.8236	35020	0	2.79273e+24	6.4547e+14	0	5.972e+24	1.496e+11	1.3401e+06	0	18.5925	29780	0	2.46732e+24	-6.15693e+17	0	6.39e+23	2.27392e+11	1.08585e+06	0	12.2306	24130	0	1.73639e+23	3.65682e+13	0	1.898e+27	7.7792e+11	196050	0	1.19198	13070	0	1.50826e+26	-1.00185e+15	0	5.683e+26	1.43317e+12	0	0	0	9680	0	0	0	0	8.681e+25	2.87531e+12	0	0	0	6800	0	0	0	0	1.024e+26	4.49548e+12	0	0	0	5430	0	0	0	0	7.342e+22	1.49984e+11	0	0	0	30802	0	0	0	0	
10	1.9891e+30	-0.0340848	0	0	-0.00227344	0	0	-1.84426e+26	0	0	3.285e+23	5.8344e+10	2.15415e+06	0	47.6767	47870	0	3.48025e+23	4.84705e+13	0	4.867e+24	1.07712e+11	1.5759e+06	0	25.8236	35020	0	2.79273e+24	6.4547e+14	0	5.972e+24	1.496e+11	1.3401e+06	0	18.5925	29780	0	2.46732e+24	-6.15693e+17	0	6.39e+23	2.27392e+11	1.08585e+06	0	12.2306	24130	0	1.73639e+23	3.65682e+13	0	1.898e+27	7.7792e+11	261400	0	1.58931	13070	0	1.50826e+26	-2.02269e+15	0	5.683e+26	1.43317e+12	0	0	0	9680	0	0	0	0	8.681e+25	2.87531e+12	0	0	0	6800	0	0	0	0	1.024e+26	4.49548e+12	0	0	0	5430	0	0	0	0	7.342e+22	1.49984e+11	0	0	0	30802	0	0	0	0	
10	1.9891e+30	-0.0340848	0	0	-0.00227344	0	0	-1.84426e+26	0	0	3.285e+23	5.8344e+10	2.15415e+06	0	47.6767	47870	0	3.48025e+23	4.84705e+13	0	4.867e+24	1.07712e+11	1.5759e+06	0	25.8236	35020	0	2.79273e+24	6.4547e+14	0	5.972e+24	1.496e+11	1.3401e+06	0	18.5925	29780	0	2.46732e+24	-6.15693e+17	0	6.39e+23	2.27392e+11	1.08585e+06	0	12.2306	24130	0	1.73639e+23	3.65682e+13	0	1.898e+27	7.7792e+11	326750	0	1.98664	13070	0	1.50826e+26	-2.12522e+15	0	5.683e+26	1.43317e+12	0	0	0	9680	0	0	0	0	8.681e+25	2.87531e+12	0	0	0	6800	0	0	0	0	1.024e+26	4.49548e+12	0	0	0	5430	0	0	0	0	7.342e+22	1.49984e+11	0	0	0	30802	0	0	0	0	
10	1.9891e+30	-0.0340848	0	0	-0.00227344	0	0	-1.84426e+26	0	0	3.285e+23	5.8344e+10	2.15415e+06	0	47.6767	47870	0	3.48025e+23	4.84705e+13	0	4.867e+24	1.07712e+11	1.5759e+06	0	25.8236	35020	0	2.79273e+24	6.4547e+14	0	5.972e+24	1.496e+11	1.3401e+06	0	18.5925	29780	0	2.46732e+24	-6.15693e+17	0	6.39e+23	2.27392e+11	1.08585e+06	0	12.2306	24130	0	1.73639e+23	3.65682e+13	0	1.898e+27	7.7792e+11	392100	0	2.38384	13070	0	1.50775e+26	2.3386e+16	0	5.683e+26	1.43317e+12	0	0	0	9680	0	0	0	0	8.681e+25	2.87531e+12	0	0	0	6800	0	0	0	0	1.024e+26	4.49548e+12	0	0	0	5430	0	0	0	0	7.342e+22	1.49984e+11	0	0	0	30802	0	0	0	0	
10	1.9891e+30	-0.0340848	0	0	-0.00227344	0	0	-1.84426e+26	0	0	3.285e+23	5.8344e+10	2.15415e+06	0	47.6767	47870	0	3.48025e+23	4.84705e+13	0	4.867e+24	1.07712e+11	1.5759e+06	0	25.8236	35020	0	2.79273e+24	6.4547e+14	0	5.972e+24	1.496e+11	1.3401e+06	0	18.5925	29780	0	2.46732e+24	-6.15693e+17	0	6.39e+23	2.27392e+11	1.08585e+06	0	12.2306	24130	0	1.73639e+23	3.65682e+13	0	1.898e+27	7.7792e+11	457450	0	2.78103	13070	0	1.50773e+26	2.38424e+16	0	5.683e+26	1.43317e+12	0	0	0	9680	0	0	0	0	8.681e+25	2.87531e+12	0	0	0	6800	0	0	0	0	1.024e+26	4.49548e+12	0	0	0	5430	0	0	0	0	7.342e+22	1.49984e+11	0	0	0	30802	0	0	0	0	
10	1.9891e+30	-0.0340848	0	0	-0.00227344	0	0	-1.84426e+26	0	0	3.285e+23	5.8344e+10	2.15415e+06	0	47.6767	47870	0	3.48025e+23	4.84705e+13	0	4.867e+24	1.07712e+11	1.5759e+06	0	25.8236	35020	0	2.79273e+24	6.4547e+14	0	5.972e+24	1.496e+11	1.3401e+06	0	18.5925	29780	0	2.46732e+24	-6.15693e+17	0	6.39e+23	2.27392e+11	1.08585e+06	0	12.2306	24130	0	1.73639e+23	3.65682e+13	0	1.898e+27	7.7792e+11	522800	0	3.17821	13070	0	1.50771e+26	2.40424e+16	0	5.683e+26	1.43317e+12	0	0	0	9680	0	0	0	0	8.681e+25	2.87531e+12	0	0	0	6800	0	0	0	0	1.024e+26	4.49548e+12	0	0	0	5430	0	0	0	0	7.342e+22	1.49984e+11	0	0	0	30802	0	0	0	0	
10	1.9891e+30	-0.0340848	0	0	-0.00227344	0	0	-1.84426e+26	0	0	3.285e+23	5.8344e+10	2.15415e+06	0	47.6767	47870	0	3.48025e+23	4.84705e+13	0	4.867e+24	1.07712e+11	1.5759e+06	0	25.8236	35020	0	2.79273e+24	6.4547e+14	0	5.972e+24	1.496e+11	1.3401e+06	0	18.5925	29780	0	2.46732e+24	-6.15693e+17	0	6.39e+23	2.27392e+11	1.08585e+06	0	12.2306	24130	0	1.73639e+23	3.65682e+13	0	1.898e+27	7.7792e+11	588150	0	3.57539	13070	0	1.50771e+26	2.40481e+16	0	5.683e+26	1.43317e+12	0	0	0	9680	0	0	0	0	8.681e+25	2.87531e+12	0	0	0	6800	0	0	0	0	1.024e+26	4.49548e+12	0	0	0	5430	0	0	0	0	7.342e+22	1.49984e+11	0	0	0	30802	0	0	0	0	
10	1.9891e+30	-0.0340848	0	0	-0.00227344	0	0	-1.84426e+26	0	0	3.285e+23	5.8344e+10	2.15415e+06	0	47.6767	47870	0	3.48025e+23	4.84705e+13	0	4.867e+24	1.07712e+11	1.5759e+06	0	25.8236	35020	0	2.79273e+24	6.4547e+14	0	5.972e+24	1.496e+11	1.3401e+06	0	18.5925	29780	0	2.46732e+24	-6.15693e+17	0	6.39e+23	2.27392e+11	1.08585e+06	0	12.2306	24130	0	1.73639e+23	3.65682e+13	0	1.898e+27	7.7792e+11	588150	0	3.57539	13070	0	1.50771e+26	2.40481e+16	0	5.683e+26	1.43317e+12	48400	0	0.215668	9680	0	2.45128e+25	0	0	8.681e+25	2.87531e+12	0	0	0	6800	0	0	0	0	1.024e+26	4.49548e+12	0	0	0	5430	0	0	0	0	7.342e+22	1.49984e+11	0	0	0	30802	0	0	0	0	
10	1.9891e+30	-0.0340848	0	0	-0.00227344	0	0	-1.84426e+26	0	0	3.285e+23	5.8344e+10	2.15415e+06	0	47.6767	47870	0	3.48025e+23	4.84705e+13	0	4.867e+24	1.07712e+11	1.5759e+06	0	25.8236	35020	0	2.79273e+24	6.4547e+14	0	5.972e+24	1.496e+11	1.3401e+06	0	18.5925	29780	0	2.46732e+24	-6.15693e+17	0	6.39e+23	2.27392e+11	1.08585e+06	0	12.2306	24130	0	1.73639e+23	3.65682e+13	0	1.898e+27	7.7792e+11	588150	0	3.57539	13070	0	1.50771e+26	2.40481e+16	0	5.683e+26	1.43317e+12	96800	0	0.431336	9680	0	2.45128e+25	-6.46369e+12	0	8.681e+25	2.87531e+12	0	0	0	6800	0	0	0	0	1.024e+26	4.49548e+12	0	0	0	5430	0	0	0	0	7.342e+22	1.49984e+11	0	0	0	30802	0	0	0	0	
10	1.9891e+30	-0.0340848	0	0	-0.00227344	0	0	-1.84426e+26	0	0	3.285e+23	5.8344e+10	2.15415e+06	0	47.6767	47870	0	3.48025e+23	4.84705e+13	0	4.867e+24	1.07712e+11	1.5759e+06	0	25.8236	35020	0	2.79273e+24	6.4547e+14	0	5.972e+24	1.496e+11	1.3401e+06	0	18.5925	29780	0	2.46732e+24	-6.15693e+17	0	6.39e+23	2.27392e+11	1.08585e+06	0	12.2306	24130	0	1.73639e+23	3.65682e+13	0	1.898e+27	7.7792e+11	588150	0	3.57539	13070	0	1.50771e+26	2.40481e+16	0	5.683e+26	1.43317e+12	145200	0	0.647004	9680	0	2.45129e+25	-7.88341e+13	0	8.681e+25	2.87531e+12	0	0	0	6800	0	0	0	0	1.024e+26	4.49548e+12	0	0	0	5430	0	0	0	0	7.342e+22	1.49984e+11	0	0	0	30802	0	0	0	0	
10	1.9891e+30	-0.0340848	0	0	-0.00227344	0	0	-1.84426e+26	0	0	3.285e+23	5.8344e+10	2.15415e+06	0	47.6767	47870	0	3.48025e+23	4.84705e+13	0	4.867e+24	1.07712e+11	1.5759e+06	0	25.8236	35020	0	2.79273e+24	6.4547e+14	0	5.972e+24	1.496e+11	1.3401e+06	0	18.5925	29780	0	2.46732e+24	-6.15693e+17	0	6.39e+23	2.27392e+11	1.08585e+06	0	12.2306	24130	0	1.73639e+23	3.65682e+13	0	1.898e+27	7.7792e+11	588150	0	3.57539	13070	0	1.50771e+26	2.40481e+16	0	5.683e+26	1.43317e+12	193600	0	0.862673	9680	0	2.4513e+25	-1.55331e+14	0	8.681e+25	2.87531e+12	0	0	0	6800	0	0	0	0	1.024e+26	4.49548e+12	0	0	0	5430	0	0	0	0	7.342e+22	1.49984e+11	0	0	0	30802	0	0	0	0	
10	1.9891e+30	-0.0340848	0	0	-0.00227344	0	0	-1.84426e+26	0	0	3.285e+23	5.8344e+10	2.15415e+06	0	47.6767	47870	0	3.48025e+23	4.84705e+13	0	4.867e+24	1.07712e+11	1.5759e+06	0	25.8236	35020	0	2.79273e+24	6.4547e+14	0	5.972e+24	1.496e+11	1.3401e+06	0	18.5925	29780	0	2.46732e+24	-6.15693e+17	0	6.39e+23	2.27392e+11	1.08585e+06	0	12.2306	24130	0	1.73639e+23	3.65682e+13	0	1.898e+27	7.7792e+11	588150	0	3.57539	13070	0	1.50771e+26	2.40481e+16	0	5.683e+26	1.43317e+12	242000	0	1.07834	9680	0	2.4513e+25	-1.62257e+14	0	8.681e+25	2.87531e+12	0	0	0	6800	0	0	0	0	1.024e+26	4.49548e+12	0	0	0	5430	0	0	0	0	7.342e+22	1.49984e+11	0	0	0	30802	0	0	0	0	
10	1.9891e+30	-0.0340848	0	0	-0.00227344	0	0	-1.84426e+26	0	0	3.285e+23	5.8344e+10	2.15415e+06	0	47.6767	47870	0	3.48025e+23	4.84705e+13	0	4.867e+24	1.07712e+11	1.5759e+06	0	25.8236	35020	0	2.79273e+24	6.4547e+14	0	5.972e+24	1.496e+11	1.3401e+06	0	18.5925	29780	0	2.46732e+24	-6.15693e+17	0	6.39e+23	2.27392e+11	1.08585e+06	0	12.2306	24130	0	1.73639e+23	3.65682e+13	0	1.898e+27	7.7792e+11	588150	0	3.57539	13070	0	1.50771e+26	2.40481e+16	0	5.683e+26	1.43317e+12	290400	0	1.29446	9680	0	2.45641e+25	-2.71882e+16	0	8.681e+25	2.87531e+12	0	0	0	6800	0	0	0	0	1.024e+26	4.49548e+12	0	0	0	5430	0	0	0	0	7.342e+22	1.49984e+11	0	0	0	30802	0	0	0	0	
10	1.9891e+30	-0.0340848	0	0	-0.00227344	0	0	-1.84426e+26	0	0	3.285e+23	5.8344e+10	2.15415e+06	0	47.6767	47870	0	3.48025e+23	4.84705e+13	0	4.867e+24	1.07712e+11	1.5759e+06	0	25.8236	35020	0	2.79273e+24	6.4547e+14	0	5.972e+24	1.496e+11	1.3401e+06	0	18.5925	29780	0	2.46732e+24	-6.15693e+17	0	6.39e+23	2.27392e+11	1.08585e+06	0	12.2306	24130	0	1.73639e+23	3.65682e+13	0	1.898e+27	7.7792e+11	588150	0	3.57539	13070	0	1.50771e+26	2.40481e+16	0	5.683e+26	1.43317e+12	338800	0	1.51057	9680	0	2.45631e+25	-2.69741e+16	0	8.681e+25	2.87531e+12	0	0	0	6800	0	0	0	0	1.024e+26	4.49548e+12	0	0	0	5430	0	0	0	0	7.342e+22	1.49984e+11	0	0	0	30802	0	0	0	0	
10	1.9891e+30	-0.0340848	0	0	-0.00227344	0	0	-1.84426e+26	0	0	3.285e+23	5.8344e+10	2.15415e+06	0	47.6767	47870	0	3.48025e+23	4.84705e+13	0	4.867e+24	1.07712e+11	1.5759e+06	0	25.8236	35020	0	2.79273e+24	6.4547e+14	0	5.972e+24	1.496e+11	1.3401e+06	0	18.5925	29780	0	2.46732e+24	-6.15693e+17	0	6.39e+23	2.27392e+11	1.08585e+06	0	12.2306	24130	0	1.73639e+23	3.65682e+13	0	1.898e+27	7.7792e+11	588150	0	3.57539	13070	0	1.50771e+26	2.40481e+16	0	5.683e+26	1.43317e+12	387200	0	1.72668	9680	0	2.45625e+25	-2.69088e+16	0	8.681e+25	2.87531e+12	0	0	0	6800	0	0	0	0	1.024e+26	4.49548e+12	0	0	0	5430	0	0	0	0	7.342e+22	1.49984e+11	0	0	0	30802	0	0	0	0	
10	1.9891e+30	-0.0340848	0	0	-0.00227344	0	0	-1.84426e+26	0	0	3.285e+23	5.8344e+10	2.15415e+06	0	47.6767	47870	0	3.48025e+23	4.84705e+13	0	4.867e+24	1.07712e+11	1.5759e+06	0	25.8236	35020	0	2.79273e+24	6.4547e+14	0	5.972e+24	1.496e+11	1.3401e+06	0	18.5925	29780	0	2.46732e+24	-6.15693e+17	0	6.39e+23	2.27392e+11	1.08585e+06	0	12.2306	24130	0	1.73639e+23	3.65682e+13	0	1.898e+27	7.7792e+11	588150	0	3.57539	13070	0	1.50771e+26	2.40481e+16	0	5.683e+26	1.43317e+12	435600	0	1.94278	9680	0	2.45625e+25	-2.69084e+16	0	8.681e+25	2.87531e+12	0	0	0	6800	0	0	0	0	1.024e+26	4.49548e+12	0	0	0	5430	0	0	0	0	7.342e+22	1.49984e+11	0	0	0	30802	0	0	0	0	
10	1.9891e+30	-0.0340848	0	0	-0.00227344	0	0	-1.84426e+26	0	0	3.285e+23	5.8344e+10	2.15415e+06	0	47.6767	47870	0	3.48025e+23	4.84705e+13	0	4.867e+24	1.07712e+11	1.5759e+06	0	25.8236	35020	0	2.79273e+24	6.4547e+14	0	5.972e+24	1.496e+11	1.3401e+06	0	18.5925	29780	0	2.46732e+24	-6.15693e+17	0	6.39e+23	2.27392e+11	1.08585e+06	0	12.2306	24130	0	1.73639e+23	3.65682e+13	0	1.898e+27	7.7792e+11	588150	0	3.57539	13070	0	1.50771e+26	2.40481e+16	0	5.683e+26	1.43317e+12	435600	0	1.94278	9680	0	2.45625e+25	-2.69084e+16	0	8.681e+25	2.87531e+12	34000	0	0.107497	6800	0	1.86637e+24	0	0	1.024e+26	4.49548e+12	0	0	0	5430	0	0	0	0	7.342e+22	1.49984e+11	0	0	0	30802	0	0	0	0	
10	1.9891e+30	-0.0340848	0	0	-0.00227344	0	0	-1.84426e+26	0	0	3.285e+23	5.8344e+10	2.15415e+06	0	47.6767	47870	0	3.48025e+23	4.84705e+13	0	4.867e+24	1.07712e+11	1.5759e+06	0	25.8236	35020	0	2.79273e+24	6.4547e+14	0	5.972e+24	1.496e+11	1.3401e+06	0	18.5925	29780	0	2.46732e+24	-6.15693e+17	0	6.39e+23	2.27392e+11	1.08585e+06	0	12.2306	24130	0	1.73639e+23	3.65682e+13	0	1.898e+27	7.7792e+11	588150	0	3.57539	13070	0	1.50771e+26	2.40481e+16	0	5.683e+26	1.43317e+12	435600	0	1.94278	9680	0	2.45625e+25	-2.69084e+16	0	8.681e+25	2.87531e+12	68000	0	0.214995	6800	0	1.86637e+24	-2.36791e+11	0	1.024e+26	4.49548e+12	0	0	0	5430	0	0	0	0	7.342e+22	1.49984e+11	0	0	0	30802	0	0	0	0	
10	1.9891e+30	-0.0340848	0	0	-0.00227344	0	0	-1.84426e+26	0	0	3.285e+23	5.8344e+10	2.15415e+06	0	47.6767	47870	0	3.48025e+23	4.84705e+13	0	4.867e+24	1.07712e+11	1.5759e+06	0	25.8236	35020	0	2.79273e+24	6.4547e+14	0	5.972e+24	1.496e+11	1.3401e+06	0	18.5925	29780	0	2.46732e+24	-6.15693e+17	0	6.39e+23	2.27392e+11	1.08585e+06	0	12.2306	24130	0	1.73639e+23	3.65682e+13	0	1.898e+27	7.7792e+11	588150	0	3.57539	13070	0	1.50771e+26	2.40481e+16	0	5.683e+26	1.43317e+12	435600	0	1.94278	9680	0	2.45625e+25	-2.69084e+16	0	8.681e+25	2.87531e+12	102000	0	0.322493	6800	0	1.86638e+24	-2.82175e+12	0	1.024e+26	4.49548e+12	0	0	0	5430	0	0	0	0	7.342e+22	1.49984e+11	0	0	0	30802	0	0	0	0	
10	1.9891e+30	-0.0340848	0	0	-0.00227344	0	0	-1.84426e+26	0	0	3.285e+23	5.8344e+10	2.15415e+06	0	47.6767	47870	0	3.48025e+23	4.84705e+13	0	4.867e+24	1.07712e+11	1.5759e+06	0	25.8236	35020	0	2.79273e+24	6.4547e+14	0	5.972e+24	1.496e+11	1.3401e+06	0	18.5925	29780	0	2.46732e+24	-6.15693e+17	0	6.39e+23	2.27392e+11	1.08585e+06	0	12.2306	24130	0	1.73639e+23	3.65682e+13	0	1.898e+27	7.7792e+11	588150	0	3.57539	13070	0	1.50771e+26	2.40481e+16	0	5.683e+26	1.43317e+12	435600	0	1.94278	9680	0	2.45625e+25	-2.69084e+16	0	8.681e+25	2.87531e+12	136000	0	0.429991	6800	0	1.86638e+24	-5.50674e+12	0	1.024e+26	4.49548e+12	0	0	0	5430	0	0	0	0	7.342e+22	1.49984e+11	0	0	0	30802	0	0	0	0	
10	1.9891e+30	-0.0340848	0	0	-0.00227344	0	0	-1.84426e+26	0	0	3.285e+23	5.8344e+10	2.15415e+06	0	47.6767	47870	0	3.48025e+23	4.84705e+13	0	4.867e+24	1.07712e+11	1.5759e+06	0	25.8236	35020	0	2.79273e+24	6.4547e+14	0	5.972e+24	1.496e+11	1.3401e+06	0	18.5925	29780	0	2.46732e+24	-6.15693e+17	0	6.39e+23	2.27392e+11	1.08585e+06	0	12.2306	24130	0	1.73639e+23	3.65682e+13	0	1.898e+27	7.7792e+11	588150	0	3.57539	13070	0	1.50771e+26	2.40481e+16	0	5.683e+26	1.43317e+12	435600	0	1.94278	9680	0	2.45625e+25	-2.69084e+16	0	8.681e+25	2.87531e+12	170000	0	0.537489	6800	0	1.86638e+24	-5.74029e+12	0	1.024e+26	4.49548e+12	0	0	0	5430	0	0	0	0	7.342e+22	1.49984e+11	0	0	0	30802	0	0	0	0	
10	1.9891e+30	-0.0340848	0	0	-0.00227344	0	0	-1.84426e+26	0	0	3.285e+23	5.8344e+10	2.15415e+06	0	47.6767	47870	0	3.48025e+23	4.84705e+13	0	4.867e+24	1.07712e+11	1.5759e+06	0	25.8236	35020	0	2.79273e+24	6.4547e+14	0	5.972e+24	1.496e+11	1.3401e+06	0	18.5925	29780	0	2.46732e+24	-6.15693e+17	0	6.39e+23	2.27392e+11	1.08585e+06	0	12.2306	24130	0	1.73639e+23	3.65682e+13	0	1.898e+27	7.7792e+11	588150	0	3.57539	13070	0	1.50771e+26	2.40481e+16	0	5.683e+26	1.43317e+12	435600	0	1.94278	9680	0	2.45625e+25	-2.69084e+16	0	8.681e+25	2.87531e+12	204000	0	0.645128	6800	0	1.86882e+24	-4.92479e+14	0	1.024e+26	4.49548e+12	0	0	0	5430	0	0	0	0	7.342e+22	1.49984e+11	0	0	0	30802	0	0	0	0	
10	1.9891e+30	-0.0340848	0	0	-0.00227344	0	0	-1.84426e+26	0	0	3.285e+23	5.8344e+10	2.15415e+06	0	47.6767	47870	0	3.48025e+23	4.84705e+13	0	4.867e+24	1.07712e+11	1.5759e+06	0	25.8236	35020	0	2.79273e+24	6.4547e+14	0	5.972e+24	1.496e+11	1.3401e+06	0	18.5925	29780	0	2.46732e+24	-6.15693e+17	0	6.39e+23	2.27392e+11	1.08585e+06	0	12.2306	24130	0	1.73639e+23	3.65682e+13	0	1.898e+27	7.7792e+11	588150	0	3.57539	13070	0	1.50771e+26	2.40481e+16	0	5.683e+26	1.43317e+12	435600	0	1.94278	9680	0	2.45625e+25	-2.69084e+16	0	8.681e+25	2.87531e+12	238000	0	0.752828	6800	0	1.86989e+24	-6.63216e+14	0	1.024e+26	4.49548e+12	0	0	0	5430	0	0	0	0	7.342e+22	1.49984e+11	0	0	0	30802	0	0	0	0	
10	1.9891e+30	-0.0340848	0	0	-0.00227344	0	0	-1.84426e+26	0	0	3.285e+23	5.8344e+10	2.15415e+06	0	47.6767	47870	0	3.48025e+23	4.84705e+13	0	4.867e+24	1.07712e+11	1.5759e+06	0	25.8236	35020	0	2.79273e+24	6.4547e+14	0	5.972e+24	1.496e+11	1.3401e+06	0	18.5925	29780	0	2.46732e+24	-6.15693e+17	0	6.39e+23	2.27392e+11	1.08585e+06	0	12.2306	24130	0	1.73639e+23	3.65682e+13	0	1.898e+27	7.7792e+11	588150	0	3.57539	13070	0	1.50771e+26	2.40481e+16	0	5.683e+26	1.43317e+12	435600	0	1.94278	9680	0	2.45625e+25	-2.69084e+16	0	8.681e+25	2.87531e+12	272000	0	0.860518	6800	0	1.86972e+24	-6.38168e+14	0	1.024e+26	4.49548e+12	0	0	0	5430	0	0	0	0	7.342e+22	1.49984e+11	0	0	0	30802	0	0	0	0	
10	1.9891e+30	-0.0340848	0	0	-0.00227344	0	0	-1.84426e+26	0	0	3.285e+23	5.8344e+10	2.15415e+06	0	47.6767	47870	0	3.48025e+23	4.84705e+13	0	4.867e+24	1.07712e+11	1.5759e+06	0	25.8236	35020	0	2.79273e+24	6.4547e+14	0	5.972e+24	1.496e+11	1.3401e+06	0	18.5925	29780	0	2.46732e+24	-6.15693e+17	0	6.39e+23	2.27392e+11	1.08585e+06	0	12.2306	24130	0	1.73639e+23	3.65682e+13	0	1.898e+27	7.7792e+11	588150	0	3.57539	13070	0	1.50771e+26	2.40481e+16	0	5.683e+26	1.43317e+12	435600	0	1.94278	9680	0	2.45625e+25	-2.69084e+16	0	8.681e+25	2.87531e+12	306000	0	0.968208	6800	0	1.86972e+24	-6.3816e+14	0	1.024e+26	4.49548e+12	0	0	0	5430	0	0	0	0	7.342e+22	1.49984e+11	0	0	0	30802	0	0	0	0	
10	1.9891e+30	-0.0340848	0	0	-0.00227344	0	0	-1.84426e+26	0	0	3.285e+23	5.8344e+10	2.15415e+06	0	47.6767	47870	0	3.48025e+23	4.84705e+13	0	4.867e+24	1.07712e+11	1.5759e+06	0	25.8236	35020	0	2.79273e+24	6.4547e+14	0	5.972e+24	1.496e+11	1.3401e+06	0	18.5925	29780	0	2.46732e+24	-6.15693e+17	0	6.39e+23	2.27392e+11	1.08585e+06	0	12.2306	24130	0	1.73639e+23	3.65682e+13	0	1.898e+27	7.7792e+11	588150	0	3.57539	13070	0	1.50771e+26	2.40481e+16	0	5.683e+26	1.43317e+12	435600	0	1.94278	9680	0	2.45625e+25	-2.69084e+16	0	8.681e+25	2.87531e+12	306000	0	0.968208	6800	0	1.86972e+24	-6.3816e+14	0	1.024e+26	4.49548e+12	27150	0	0.0687554	5430	0	1.40811e+24	0	0	7.342e+22	1.49984e+11	0	0	0	30802	0	0	0	0	
10	1.9891e+30	-0.0340848	0	0	-0.00227344	0	0	-1.84426e+26	0	0	3.285e+23	5.8344e+10	2.15415e+06	0	47.6767	47870	0	3.48025e+23	4.84705e+13	0	4.867e+24	1.07712e+11	1.5759e+06	0	25.8236	35020	0	2.79273e+24	6.4547e+14	0	5.972e+24	1.496e+11	1.3401e+06	0	18.5925	29780	0	2.46732e+24	-6.15693e+17	0	6.39e+23	2.27392e+11	1.08585e+06	0	12.2306	24130	0	1.73639e+23	3.65682e+13	0	1.898e+27	7.7792e+11	588150	0	3.57539	13070	0	1.50771e+26	2.40481e+16	0	5.683e+26	1.43317e+12	435600	0	1.94278	9680	0	2.45625e+25	-2.69084e+16	0	8.681e+25	2.87531e+12	306000	0	0.968208	6800	0	1.86972e+24	-6.3816e+14	0	1.024e+26	4.49548e+12	54300	0	0.137511	5430	0	1.40811e+24	-1.12942e+11	0	7.342e+22	1.49984e+11	0	0	0	30802	0	0	0	0	
10	1.9891e+30	-0.0340848	0	0	-0.00227344	0	0	-1.84426e+26	0	0	3.285e+23	5.8344e+10	2.15415e+06	0	47.6767	47870	0	3.48025e+23	4.84705e+13	0	4.867e+24	1.07712e+11	1.5759e+06	0	25.8236	35020	0	2.79273e+24	6.4547e+14	0	5.972e+24	1.496e+11	1.3401e+06	0	18.5925	29780	0	2.46732e+24	-6.15693e+17	0	6.39e+23	2.27392e+11	1.08585e+06	0	12.2306	24130	0	1.73639e+23	3.65682e+13	0	1.898e+27	7.7792e+11	588150	0	3.57539	13070	0	1.50771e+26	2.40481e+16	0	5.683e+26	1.43317e+12	435600	0	1.94278	9680	0	2.45625e+25	-2.69084e+16	0	8.681e+25	2.87531e+12	306000	0	0.968208	6800	0	1.86972e+24	-6.3816e+14	0	1.024e+26	4.49548e+12	81450	0	0.206266	5430	0	1.40811e+24	-1.33708e+12	0	7.342e+22	1.49984e+11	0	0	0	30802	0	0	0	0	
10	1.9891e+30	-0.0340848	0	0	-0.00227344	0	0	-1.84426e+26	0	0	3.285e+23	5.8344e+10	2.15415e+06	0	47.6767	47870	0	3.48025e+23	4.84705e+13	0	4.867e+24	1.07712e+11	1.5759e+06	0	25.8236	35020	0	2.79273e+24	6.4547e+14	0	5.972e+24	1.496e+11	1.3401e+06	0	18.5925	29780	0	2.46732e+24	-6.15693e+17	0	6.39e+23	2.27392e+11	1.08585e+06	0	12.2306	24130	0	1.73639e+23	3.65682e+13	0	1.898e+27	7.7792e+11	588150	0	3.57539	13070	0	1.50771e+26	2.40481e+16	0	5.683e+26	1.43317e+12	435600	0	1.94278	9680	0	2.45625e+25	-2.69084e+16	0	8.681e+25	2.87531e+12	306000	0	0.968208	6800	0	1.86972e+24	-6.3816e+14	0	1.024e+26	4.49548e+12	108600	0	0.275022	5430	0	1.40812e+24	-2.60364e+12	0	7.342e+22	1.49984e+11	0	0	0	30802	0	0	0	0	
10	1.9891e+30	-0.0340848	0	0	-0.00227344	0	0	-1.84426e+26	0	0	3.285e+23	5.8344e+10	2.15415e+06	0	47.6767	47870	0	3.48025e+23	4.84705e+13	0	4.867e+24	1.07712e+11	1.5759e+06	0	25.8236	35020	0	2.79273e+24	6.4547e+14	0	5.972e+24	1.496e+11	1.3401e+06	0	18.5925	29780	0	2.46732e+24	-6.15693e+17	0	6.39e+23	2.27392e+11	1.08585e+06	0	12.2306	24130	0	1.73639e+23	3.65682e+13	0	1.898e+27	7.7792e+11	588150	0	3.57539	13070	0	1.50771e+26	2.40481e+16	0	5.683e+26	1.43317e+12	435600	0	1.94278	9680	0	2.45625e+25	-2.69084e+16	0	8.681e+25	2.87531e+12	306000	0	0.968208	6800	0	1.86972e+24	-6.3816e+14	0	1.024e+26	4.49548e+12	135750	0	0.343778	5430	0	1.40812e+24	-2.71273e+12	0	7.342e+22	1.49984e+11	0	0	0	30802	0	0	0	0	
10	1.9891e+30	-0.0340848	0	0	-0.00227344	0	0	-1.84426e+26	0	0	3.285e+23	5.8344e+10	2.15415e+06	0	47.6767	47870	0	3.48025e+23	4.84705e+13	0	4.867e+24	1.07712e+11	1.5759e+06	0	25.8236	35020	0	2.79273e+24	6.4547e+14	0	5.972e+24	1.496e+11	1.3401e+06	0	18.5925	29780	0	2.46732e+24	-6.15693e+17	0	6.39e+23	2.27392e+11	1.08585e+06	0	12.2306	24130	0	1.73639e+23	3.65682e+13	0	1.898e+27	7.7792e+11	588150	0	3.57539	13070	0	1.50771e+26	2.40481e+16	0	5.683e+26	1.43317e+12	435600	0	1.94278	9680	0	2.45625e+25	-2.69084e+16	0	8.681e+25	2.87531e+12	306000	0	0.968208	6800	0	1.86972e+24	-6.3816e+14	0	1.024e+26	4.49548e+12	162900	0	0.412613	5430	0	1.40974e+24	-2.00437e+14	0	7.342e+22	1.49984e+11	0	0	0	30802	0	0	0	0	
10	1.9891e+30	-0.0340848	0	0	-0.00227344	0	0	-1.84426e+26	0	0	3.285e+23	5.8344e+10	2.15415e+06	0	47.6767	47870	0	3.48025e+23	4.84705e+13	0	4.867e+24	1.07712e+11	1.5759e+06	0	25.8236	35020	0	2.79273e+24	6.4547e+14	0	5.972e+24	1.496e+11	1.3401e+06	0	18.5925	29780	0	2.46732e+24	-6.15693e+17	0	6.39e+23	2.27392e+11	1.08585e+06	0	12.2306	24130	0	1.73639e+23	3.65682e+13	0	1.898e+27	7.7792e+11	588150	0	3.57539	13070	0	1.50771e+26	2.40481e+16	0	5.683e+26	1.43317e+12	435600	0	1.94278	9680	0	2.45625e+25	-2.69084e+16	0	8.681e+25	2.87531e+12	306000	0	0.968208	6800	0	1.86972e+24	-6.3816e+14	0	1.024e+26	4.49548e+12	190050	0	0.481477	5430	0	1.41033e+24	-2.53029e+14	0	7.342e+22	1.49984e+11	0	0	0	30802	0	0	0	0	
10	1.9891e+30	-0.0340848	0	0	-0.00227344	0	0	-1.84426e+26	0	0	3.285e+23	5.8344e+10	2.15415e+06	0	47.6767	47870	0	3.48025e+23	4.84705e+13	0	4.867e+24	1.07712e+11	1.5759e+06	0	25.8236	35020	0	2.79273e+24	6.4547e+14	0	5.972e+24	1.496e+11	1.3401e+06	0	18.5925	29780	0	2.46732e+24	-6.15693e+17	0	6.39e+23	2.27392e+11	1.08585e+06	0	12.2306	24130	0	1.73639e+23	3.65682e+13	0	1.898e+27	7.7792e+11	588150	0	3.57539	13070	0	1.50771e+26	2.40481e+16	0	5.683e+26	1.43317e+12	435600	0	1.94278	9680	0	2.45625e+25	-2.69084e+16	0	8.681e+25	2.87531e+12	306000	0	0.968208	6800	0	1.86972e+24	-6.3816e+14	0	1.024e+26	4.49548e+12	217200	0	0.55035	5430	0	1.41051e+24	-2.65232e+14	0	7.342e+22	1.49984e+11	0	0	0	30802	0	0	0	0	
10	1.9891e+30	-0.0340848	0	0	-0.00227344	0	0	-1.84426e+26	0	0	3.285e+23	5.8344e+10	2.15415e+06	0	47.6767	47870	0	3.48025e+23	4.84705e+13	0	4.867e+24	1.07712e+11	1.5759e+06	0	25.8236	35020	0	2.79273e+24	6.4547e+14	0	5.972e+24	1.496e+11	1.3401e+06	0	18.5925	29780	0	2.46732e+24	-6.15693e+17	0	6.39e+23	2.27392e+11	1.08585e+06	0	12.2306	24130	0	1.73639e+23	3.65682e+13	0	1.898e+27	7.7792e+11	588150	0	3.57539	13070	0	1.50771e+26	2.40481e+16	0	5.683e+26	1.43317e+12	435600	0	1.94278	9680	0	2.45625e+25	-2.69084e+16	0	8.681e+25	2.87531e+12	306000	0	0.968208	6800	0	1.86972e+24	-6.3816e+14	0	1.024e+26	4.49548e+12	244350	0	0.619222	5430	0	1.41051e+24	-2.65229e+14	0	7.342e+22	1.49984e+11	0	0	0	30802	0	0	0	0	
10	1.9891e+30	-0.0340848	0	0	-0.00227344	0	0	-1.84426e+26	0	0	3.285e+23	5.8344e+10	2.15415e+06	0	47.6767	47870	0	3.48025e+23	4.84705e+13	0	4.867e+24	1.07712e+11	1.5759e+06	0	25.8236	35020	0	2.79273e+24	6.4547e+14	0	5.972e+24	1.496e+11	1.3401e+06	0	18.5925	29780	0	2.46732e+24	-6.15693e+17	0	6.39e+23	2.27392e+11	1.08585e+06	0	12.2306	24130	0	1.73639e+23	3.65682e+13	0	1.898e+27	7.7792e+11	588150	0	3.57539	13070	0	1.50771e+26	2.40481e+16	0	5.683e+26	1.43317e+12	435600	0	1.94278	9680	0	2.45625e+25	-2.69084e+16	0	8.681e+25	2.87531e+12	306000	0	0.968208	6800	0	1.86972e+24	-6.3816e+14	0	1.024e+26	4.49548e+12	244350	0	0.619222	5430	0	1.41051e+24	-2.65229e+14	0	7.342e+22	1.49984e+11	154010	0	2.06081	30802	0	3.02609e+22	0	0	
10	1.9891e+30	-0.0340848	0	0	-0.00227344	0	0	-1.84426e+26	0	0	3.285e+23	5.8344e+10	2.15415e+06	0	47.6767	47870	0	3.48025e+23	4.84705e+13	0	4.867e+24	1.07712e+11	1.5759e+06	0	25.8236	35020	0	2.79273e+24	6.4547e+14	0	5.972e+24	1.496e+11	1.3401e+06	0	18.5925	29780	0	2.46732e+24	-6.15693e+17	0	6.39e+23	2.27392e+11	1.08585e+06	0	12.2306	24130	0	1.73639e+23	3.65682e+13	0	1.898e+27	7.7792e+11	588150	0	3.57539	13070	0	1.50771e+26	2.40481e+16	0	5.683e+26	1.43317e+12	435600	0	1.94278	9680	0	2.45625e+25	-2.69084e+16	0	8.681e+25	2.87531e+12	306000	0	0.968208	6800	0	1.86972e+24	-6.3816e+14	0	1.024e+26	4.49548e+12	244350	0	0.619222	5430	0	1.41051e+24	-2.65229e+14	0	7.342e+22	1.49984e+11	308020	0	4.12162	30802	0	3.02609e+22	-1.78524e+11	0	
10	1.9891e+30	-0.0340848	0	0	-0.00227344	0	0	-1.84426e+26	0	0	3.285e+23	5.8344e+10	2.15415e+06	0	47.6767	47870	0	3.48025e+23	4.84705e+13	0	4.867e+24	1.07712e+11	1.5759e+06	0	25.8236	35020	0	2.79273e+24	6.4547e+14	0	5.972e+24	1.496e+11	1.3401e+06	0	18.5925	29780	0	2.46732e+24	-6.15693e+17	0	6.39e+23	2.27392e+11	1.08585e+06	0	12.2306	24130	0	1.73639e+23	3.65682e+13	0	1.898e+27	7.7792e+11	588150	0	3.57539	13070	0	1.50771e+26	2.40481e+16	0	5.683e+26	1.43317e+12	435600	0	1.94278	9680	0	2.45625e+25	-2.69084e+16	0	8.681e+25	2.87531e+12	306000	0	0.968208	6800	0	1.86972e+24	-6.3816e+14	0	1.024e+26	4.49548e+12	244350	0	0.619222	5430	0	1.41051e+24	-2.65229e+14	0	7.342e+22	1.49984e+11	462030	0	6.18245	30802	0	3.02612e+22	-8.05813e+12	0	
10	1.9891e+30	-0.0340848	0	0	-0.00227344	0	0	-1.84426e+26	0	0	3.285e+23	5.8344e+10	2.15415e+06	0	47.6767	47870	0	3.48025e+23	4.84705e+13	0	4.867e+24	1.07712e+11	1.5759e+06	0	25.8236	35020	0	2.79273e+24	6.4547e+14	0	5.972e+24	1.496e+11	1.3401e+06	0	18.5925	29780	0	2.46732e+24	-6.15693e+17	0	6.39e+23	2.27392e+11	1.08585e+06	0	12.2306	24130	0	1.73639e+23	3.65682e+13	0	1.898e+27	7.7792e+11	588150	0	3.57539	13070	0	1.50771e+26	2.40481e+16	0	5.683e+26	1.43317e+12	435600	0	1.94278	9680	0	2.45625e+25	-2.69084e+16	0	8.681e+25	2.87531e+12	306000	0	0.968208	6800	0	1.86972e+24	-6.3816e+14	0	1.024e+26	4.49548e+12	244350	0	0.619222	5430	0	1.41051e+24	-2.65229e+14	0	7.342e+22	1.49984e+11	616040	0	8.22976	30802	0	3.00628e+22	4.53781e+17	0	
10	1.9891e+30	-0.0340848	0	0	-0.00227344	0	0	-1.84426e+26	0	0	3.285e+23	5.8344e+10	2.15415e+06	0	47.6767	47870	0	3.48025e+23	4.84705e+13	0	4.867e+24	1.07712e+11	1.5759e+06	0	25.8236	35020	0	2.79273e+24	6.4547e+14	0	5.972e+24	1.496e+11	1.3401e+06	0	18.5925	29780	0	2.46732e+24	-6.15693e+17	0	6.39e+23	2.27392e+11	1.08585e+06	0	12.2306	24130	0	1.73639e+23	3.65682e+13	0	1.898e+27	7.7792e+11	588150	0	3.57539	13070	0	1.50771e+26	2.40481e+16	0	5.683e+26	1.43317e+12	435600	0	1.94278	9680	0	2.45625e+25	-2.69084e+16	0	8.681e+25	2.87531e+12	306000	0	0.968208	6800	0	1.86972e+24	-6.3816e+14	0	1.024e+26	4.49548e+12	244350	0	0.619222	5430	0	1.41051e+24	-2.65229e+14	0	7.342e+22	1.49984e+11	770050	0	10.2771	30802	0	3.00627e+22	4.53781e+17	0	
10	1.9891e+30	-0.0340848	0	0	-0.00227344	0	0	-1.84426e+26	0	0	3.285e+23	5.8344e+10	2.15415e+06	0	47.6767	47870	0	3.48025e+23	4.84705e+13	0	4.867e+24	1.07712e+11	1.5759e+06	0	25.8236	35020	0	2.79273e+24	6.4547e+14	0	5.972e+24	1.496e+11	1.3401e+06	0	18.5925	29780	0	2.46732e+24	-6.15693e+17	0	6.39e+23	2.27392e+11	1.08585e+06	0	12.2306	24130	0	1.73639e+23	3.65682e+13	0	1.898e+27	7.7792e+11	588150	0	3.57539	13070	0	1.50771e+26	2.40481e+16	0	5.683e+26	1.43317e+12	435600	0	1.94278	9680	0	2.45625e+25	-2.69084e+16	0	8.681e+25	2.87531e+12	306000	0	0.968208	6800	0	1.86972e+24	-6.3816e+14	0	1.024e+26	4.49548e+12	244350	0	0.619222	5430	0	1.41051e+24	-2.65229e+14	0	7.342e+22	1.49984e+11	924060	0	12.3239	30802	0	3.00558e+22	4.53783e+17	0	
10	1.9891e+30	-0.0340848	0	0	-0.00227344	0	0	-1.84426e+26	0	0	3.285e+23	5.8344e+10	2.15415e+06	0	47.6767	47870	0	3.48025e+23	4.84705e+13	0	4.867e+24	1.07712e+11	1.5759e+06	0	25.8236	35020	0	2.79273e+24	6.4547e+14	0	5.972e+24	1.496e+11	1.3401e+06	0	18.5925	29780	0	2.46732e+24	-6.15693e+17	0	6.39e+23	2.27392e+11	1.08585e+06	0	12.2306	24130	0	1.73639e+23	3.65682e+13	0	1.898e+27	7.7792e+11	588150	0	3.57539	13070	0	1.50771e+26	2.40481e+16	0	5.683e+26	1.43317e+12	435600	0	1.94278	9680	0	2.45625e+25	-2.69084e+16	0	8.681e+25	2.87531e+12	306000	0	0.968208	6800	0	1.86972e+24	-6.3816e+14	0	1.024e+26	4.49548e+12	244350	0	0.619222	5430	0	1.41051e+24	-2.65229e+14	0	7.342e+22	1.49984e+11	1.07807e+06	0	14.3707	30802	0	3.00548e+22	4.53783e+17	0	
10	1.9891e+30	-0.0340848	0	0	-0.00227344	0	0	-1.84426e+26	0	0	3.285e+23	5.8344e+10	2.15415e+06	0	47.6767	47870	0	3.48025e+23	4.84705e+13	0	4.867e+24	1.07712e+11	1.5759e+06	0	25.8236	35020	0	2.79273e+24	6.4547e+14	0	5.972e+24	1.496e+11	1.3401e+06	0	18.5925	29780	0	2.46732e+24	-6.15693e+17	0	6.39e+23	2.27392e+11	1.08585e+06	0	12.2306	24130	0	1.73639e+23	3.65682e+13	0	1.898e+27	7.7792e+11	588150	0	3.57539	13070	0	1.50771e+26	2.40481e+16	0	5.683e+26	1.43317e+12	435600	0	1.94278	9680	0	2.45625e+25	-2.69084e+16	0	8.681e+25	2.87531e+12	306000	0	0.968208	6800	0	1.86972e+24	-6.3816e+14	0	1.024e+26	4.49548e+12	244350	0	0.619222	5430	0	1.41051e+24	-2.65229e+14	0	7.342e+22	1.49984e+11	1.23208e+06	0	16.4175	30802	0	3.00548e+22	4.53783e+17	0	
10	1.9891e+30	-0.0340848	0	0	-0.00227344	0	0	-1.84426e+26	0	0	3.285e+23	5.8344e+10	2.15415e+06	0	47.6767	47870	0	3.48025e+23	4.84705e+13	0	4.867e+24	1.07712e+11	1.5759e+06	0	25.8236	35020	0	2.79273e+24	6.4547e+14	0	5.972e+24	1.496e+11	1.3401e+06	0	18.5925	29780	0	2.46732e+24	-6.15693e+17	0	6.39e+23	2.27392e+11	1.08585e+06	0	12.2306	24130	0	1.73639e+23	3.65682e+13	0	1.898e+27	7.7792e+11	588150	0	3.57539	13070	0	1.50771e+26	2.40481e+16	0	5.683e+26	1.43317e+12	435600	0	1.94278	9680	0	2.45625e+25	-2.69084e+16	0	8.681e+25	2.87531e+12	306000	0	0.968208	6800	0	1.86972e+24	-6.3816e+14	0	1.024e+26	4.49548e+12	244350	0	0.619222	5430	0	1.41051e+24	-2.65229e+14	0	7.342e+22	1.49984e+11	1.38609e+06	0	18.4642	30802	0	3.00547e+22	4.53783e+17	0	
